<?xml version="1.0" encoding="utf-8"?>
<!--/20203199/1564481/2.50/3/3/Variable Resistor/-->
<quadcept_library>
  <setting unit="mil" />
  <textstyle name="Default" height="47.244094488189" strokewidth="7.8740157480315" charwidth="47.244094488189" />
  <textstyle name="Dimension" height="19.6850393700787" strokewidth="0" charwidth="19.6850393700787" />
  <textstyle name="H127W0635TH00762" height="50" strokewidth="3" charwidth="25" />
  <textstyle name="H15W15TH02" height="59.0551181102362" strokewidth="7.8740157480315" charwidth="59.0551181102362" />
  <padstyle name="c195_h130" surface="False" plated="True" isvia="False" nopaste="True" nomask="True" complex="False" holesize="51.181102362204">
    <padshape layer="TOP" shape="round" width="76.771653543306" height="76.771653543306" />
    <padshape layer="TOP_SOLDER_MASK" shape="round" width="84.645669291338" height="84.645669291338" />
    <padshape layer="INNER" shape="round" width="76.771653543306" height="76.771653543306" />
    <padshape layer="BOTTOM" shape="round" width="76.771653543306" height="76.771653543306" />
    <padshape layer="BOTTOM_SOLDER_MASK" shape="round" width="84.645669291338" height="84.645669291338" />
  </padstyle>
  <padstyle name="c350_h700" surface="False" plated="True" isvia="False" nopaste="True" nomask="True" complex="False" holesize="275.5905511811">
    <padshape layer="TOP" shape="round" width="137.79527559055" height="137.79527559055" />
    <padshape layer="TOP_SOLDER_MASK" shape="round" width="145.66929133858" height="145.66929133858" />
    <padshape layer="INNER" shape="round" width="137.79527559055" height="137.79527559055" />
    <padshape layer="BOTTOM" shape="round" width="137.79527559055" height="137.79527559055" />
    <padshape layer="BOTTOM_SOLDER_MASK" shape="round" width="145.66929133858" height="145.66929133858" />
  </padstyle>
  <padstyle name="s195_h130" surface="False" plated="True" isvia="False" nopaste="True" nomask="True" complex="False" holesize="51.181102362204">
    <padshape layer="TOP" shape="square" width="76.771653543306" height="76.771653543306" />
    <padshape layer="TOP_SOLDER_MASK" shape="square" width="84.645669291338" height="84.645669291338" />
    <padshape layer="INNER" shape="square" width="76.771653543306" height="76.771653543306" />
    <padshape layer="BOTTOM" shape="square" width="76.771653543306" height="76.771653543306" />
    <padshape layer="BOTTOM_SOLDER_MASK" shape="square" width="84.645669291338" height="84.645669291338" />
  </padstyle>
  <footprint name="PT15NV02105A2020S" originx="0" originy="0" pickpointx="0" pickpointy="0">
    <pcbpin number="1" name="1" style="c350_h700" originx="196.85039370078" originy="295.27559055118" rotation="90" />
    <pcbpin number="2" name="A1" style="s195_h130" originx="0" originy="0" rotation="90" />
    <pcbpin number="3" name="E1" style="c195_h130" originx="393.70078740157" originy="0" rotation="90" />
    <pcbpin number="4" name="S1" style="c195_h130" originx="196.85039370078" originy="492.12598425196" rotation="90" />
    <line layer="TOP_PLACE_BOUND" originx="-137.79527559055" originy="629.92125984251" endx="531.49606299212" endy="629.92125984251" width="3.9370078740157" />
    <line layer="TOP_PLACE_BOUND" originx="531.49606299212" originy="629.92125984251" endx="531.49606299212" endy="-77.75590551181" width="3.9370078740157" />
    <line layer="TOP_PLACE_BOUND" originx="531.49606299212" originy="-77.75590551181" endx="-137.79527559055" endy="-77.75590551181" width="3.9370078740157" />
    <line layer="TOP_PLACE_BOUND" originx="-137.79527559055" originy="-77.75590551181" endx="-137.79527559055" endy="629.92125984251" width="3.9370078740157" />
    <line layer="TOP_ASSEMBLY" originx="-98.425196850392" originy="295.27559055118" endx="-98.425196850392" endy="295.27559055118" width="3.9370078740157" />
    <arc layer="TOP_ASSEMBLY" originx="196.85039370078" originy="295.27559055118" startangle="-180.0" sweepangle="180.0" radius="295.27559055118" width="3.9370078740157" />
    <line layer="TOP_ASSEMBLY" originx="492.12598425196" originy="295.27559055118" endx="492.12598425196" endy="295.27559055118" width="3.9370078740157" />
    <arc layer="TOP_ASSEMBLY" originx="196.85039370078" originy="295.27559055118" startangle=".0" sweepangle="180.0" radius="295.27559055118" width="3.9370078740157" />
    <line layer="TOP_ASSEMBLY" originx="433.07086614173" originy="118.11023622047" endx="433.07086614173" endy="0" width="3.9370078740157" />
    <line layer="TOP_ASSEMBLY" originx="433.07086614173" originy="0" endx="-39.370078740157" endy="0" width="3.9370078740157" />
    <line layer="TOP_ASSEMBLY" originx="-39.370078740157" originy="0" endx="-39.370078740157" endy="118.11023622047" width="3.9370078740157" />
    <line layer="TOP_SILKSCREEN" originx="0" originy="-59.055118110235" endx="0" endy="-59.055118110235" width="3.9370078740157" />
    <arc layer="TOP_SILKSCREEN" originx="1.6391087961985E-15" originy="-57.086614173228" startangle="-90.0" sweepangle="180.0" radius="1.9685039370079" width="3.9370078740157" />
    <line layer="TOP_SILKSCREEN" originx="0" originy="-55.11811023622" endx="0" endy="-55.11811023622" width="3.9370078740157" />
    <arc layer="TOP_SILKSCREEN" originx="1.6391087961985E-15" originy="-57.086614173228" startangle="90.0" sweepangle="180.0" radius="1.9685039370079" width="3.9370078740157" />
  </footprint>
  <symbol name="PT15NV02105A2020S" originx="0" originy="0">
    <line originx="200" originy="100" endx="1100" endy="100" width="0" />
    <line originx="1100" originy="-200" endx="1100" endy="100" width="0" />
    <line originx="1100" originy="-200" endx="200" endy="-200" width="0" />
    <line originx="200" originy="100" endx="200" endy="-200" width="0" />
    <sympin number="1" originx="200" originy="0" rotation="180" length="100" width="7.8740157480315" flipped="False">
      <text name="pinname" originx="230" originy="0" style="Default" rotation="0" justify="left" flipped="False" hidden="False" data="INITIAL" />
      <text name="pindes" originx="140" originy="20" style="Default" rotation="0" justify="lowerright" flipped="False" hidden="False" data="A1" />
    </sympin>
    <sympin number="2" originx="200" originy="-100" rotation="180" length="100" width="7.8740157480315" flipped="False">
      <text name="pinname" originx="230" originy="-100" style="Default" rotation="0" justify="left" flipped="False" hidden="False" data="FINAL" />
      <text name="pindes" originx="140" originy="-80" style="Default" rotation="0" justify="lowerright" flipped="False" hidden="False" data="E1" />
    </sympin>
    <sympin number="3" originx="1100" originy="0" rotation="0" length="100" width="7.8740157480315" flipped="False">
      <text name="pinname" originx="1070" originy="0" style="Default" rotation="0" justify="right" flipped="False" hidden="False" data="WIPER" />
      <text name="pindes" originx="1160" originy="20" style="Default" rotation="0" justify="lowerleft" flipped="False" hidden="False" data="S1" />
    </sympin>
  </symbol>
  <component name="PT15NV02105A2020S" designatorprefix="VR" height="283.46456692913" footprint="PT15NV02105A2020S">
    <comppin designator="A1" sympin="1" pinswap="0" gateswap="0" gate="1" group="1" side="" type="Any" name="INITIAL" />
    <comppin designator="E1" sympin="2" pinswap="0" gateswap="0" gate="1" group="1" side="" type="Any" name="FINAL" />
    <comppin designator="S1" sympin="3" pinswap="0" gateswap="0" gate="1" group="1" side="" type="Any" name="WIPER" />
    <attached_symbol gate="1" name="PT15NV02105A2020S" />
    <pinmap designator="A1" footprintpin="1" />
    <pinmap designator="E1" footprintpin="2" />
    <pinmap designator="S1" footprintpin="3" />
    <text name="Datasheet" originx="0" originy="0" style="Default" rotation="0" justify="" flipped="False" hidden="True" data="https://www.piher.net/wp-content/uploads/PIHER_PT-15_PTC-15.pdf" />
    <text name="Description" originx="0" originy="0" style="Default" rotation="0" justify="" flipped="False" hidden="True" data="Potentiometer: mounting; single turn,horizontal; 1M; 250mW; +/-30%" />
    <text name="TME Electronic Components Part Number" originx="0" originy="0" style="Default" rotation="0" justify="" flipped="False" hidden="True" data="" />
    <text name="TME Electronic Components Price/Stock" originx="0" originy="0" style="Default" rotation="0" justify="" flipped="False" hidden="True" data="" />
    <text name="Manufacturer_Name" originx="0" originy="0" style="Default" rotation="0" justify="" flipped="False" hidden="True" data="PIHER" />
    <text name="Manufacturer_Part_Number" originx="1150" originy="200" style="Default" rotation="0" justify="left" flipped="False" hidden="False" data="PT15NV02105A2020S" />
  </component>
</quadcept_library>
